qid,pypi
Q113580100,2to3
Q113580101,3to2
Q28941607,aiohttp
Q107382099,albumentations
Q107381036,altair
Q107385980,anaconda
Q107381589,annoy
Q107387098,arch
Q107386507,ara
Q107381038,argparse
Q107386673,ariadne
Q107382197,APScheduler
Q107380504,appdirs
Q107387095,apyori
Q107386794,art
Q100153863,arrow
Q107387007,ase
Q107382172,audioread
Q107383660,asyncio
Q107381472,asdf
Q107381482,astropy
Q107384420,astral
Q107384682,arviz
Q107384748,av
Q107386142,aws
Q107381118,Automat
Q107383642,azure
Q107380451,Babel
Q50560420,awscli
Q107380673,bcrypt
Q107386838,beagle
Q107387204,bcp
Q107381157,black
Q107386062,binary
Q107383657,bitarray
Q107384606,biopython
Q107380959,blosc
Q107380725,botocore
Q107380724,boto3
Q107383111,boto
Q107380961,bokeh
Q107385631,bunch
Q107385990,breathe
Q107380714,build
Q107383697,cairocffi
Q107382182,bs4
Q107382139,catalyst
Q107381684,catalogue
Q107383679,catboost
Q107381749,chainer
Q107385562,Cheetah
Q107387101,circus
Q107381694,cma
Q107370303,click
Q107385462,clang
Q107385553,cmocean
Q107381690,cmaes
Q107382939,Cola
Q107380665,codecov
Q107382265,colour
Q107385591,combo
Q107387134,colormath
Q107385512,colorcet
Q107384189,conan
Q107386238,conda
Q107384455,comtypes
Q107381771,configobj
Q107381363,configparser
Q19776339,ConceptNet
Q107385193,config
Q107385479,cpplint
Q107386959,crontab
Q78617906,coverage
Q107381672,coremltools
Q107385693,cursor
Q107386241,cwltool
Q107384214,cufflinks
Q107384079,cvxopt
Q107383113,cycler
Q975594,Cython
Q107384673,cvxpy
Q107385281,dbt
Q107382198,dash
Q107384778,DataProperty
Q107382240,datasets
Q107386425,dask-ml
Q65065147,dask
Q107384317,datasketch
Q113587225,datasette
Q107385356,deap
Q107386311,dedupe
Q107381778,dill
Q107383162,discord
Q28716391,diamond
Q107385817,docx
Q842014,Django
Q107380740,docker
Q107385742,dlib
Q107380549,docopt
Q107381820,docker-compose
Q107380534,docutils
Q107380969,dropbox
Q107385297,dpkt
Q107386197,easygui
Q107382379,editdistance
Q107382377,emoji
Q107380660,elasticsearch
Q107387230,emcee
Q107384012,eli5
Q107384719,enum
Q107385214,envs
Q107382835,fabric
Q107385246,face
Q107381170,falcon
Q107382314,fastai
Q107384668,fastcluster
Q107381648,Faker
Q107385288,fido
Q107384589,fasttext
Q107382307,fastcore
Q107384173,fastdtw
Q107385776,featuretools
Q107385187,ffmpeg
Q107380551,fields
Q107383408,fbprophet
Q107382147,fire
Q107384304,flex
Q107386786,flair
Q107383461,flower
Q107384845,flock
Q289281,Flask
Q107381012,folium
Q107384148,fs
Q107380602,future
Q107383942,funcy
Q107386812,fuzzysearch
Q107380709,fuzzywuzzy
Q107385384,gender-guesser
Q107384395,gdata
Q107384093,gcloud
Q107383690,geojson
Q107385532,geoviews
Q107381008,GitPython
Q107383672,geopandas
Q107384086,geocoder
Q107383159,geopy
Q107384569,ggplot
Q5533567,gensim
Q107383232,geoip2
Q47523056,gevent
Q107382801,google
Q107383192,gorilla
Q107383807,googlemaps
Q107380733,gmpy2
Q106315290,gprMax
Q107386319,gluoncv
Q107386849,glog
Q107383678,googletrans
Q107383220,green
Q107380619,graphviz
Q107384164,gql
Q107384191,grequests
Q107385697,gsutil
Q107383842,haversine
Q107381702,gunicorn
Q107380943,h5py
Q107383886,hdbscan
Q107386725,html
Q107384669,hmmlearn
Q107383247,holidays
Q107381105,hpack
Q107382458,hist
Q107384804,hologram
Q107380552,hunter
Q107386694,http
Q107381104,hyperframe
Q107384711,httpie
Q107381656,hyperopt
Q107380557,identify
Q107387234,hunspell
Q107381783,httplib2
Q107385655,image
Q107384730,implicit
Q107383351,imbalanced-learn
Q107382098,imgaug
Q107385749,importlib
Q92439090,imageio
Q107384096,imblearn
Q107384346,imutils
Q107382769,intervaltree
Q107385987,interval
Q107381870,inquirer
Q107382266,infinity
Q107380737,invoke
Q107384527,install
Q107386844,inotify
Q107383319,jellyfish
Q107385529,iris
Q107382231,ipadic
Q107380851,ipywidgets
Q2659957,ipython
Q107380844,ipyparallel
Q107385677,jaconv
Q107385547,ipyvolume
Q107385573,kappa
Q107384111,kafka
Q107381039,jupyter
Q107382780,jieba
Q107380705,jsonschema
Q107384331,kaggle
Q107381075,jupyterlab
Q107381460,joblib
Q107386127,jq
Q4041851,Jinja2
Q107381739,jsonpickle
Q107381529,keepalive
Q107381822,kafka-python
Q107385862,kmodes
Q107382312,kornia
Q107381743,kubernetes
Q97126903,kraken
Q107383654,langid
Q107382317,lap
Q107382158,langdetect
Q107384192,launcher
Q107383885,lime
Q107384655,lifelines
Q107381654,lightgbm
Q107382180,librosa
Q63968418,ligo.skymap
Q65530318,luigi
Q107385601,lizard
Q107386495,logger
Q107382299,lmdb
Q107385949,lmfit
Q107380633,lxml
Q107380878,Mako
Q107382411,M2Crypto
Q107382367,lz4
Q107380638,Markdown
Q107382424,maya
Q107386380,matplotlib-venn
Q6796641,mayavi
Q2985668,matplotlib
Q107386948,mercurial
Q107381604,meta
Q102565362,mkdocs
Q107386179,mixer
Q107383670,mkl
Q107384240,missingno
Q107384069,mitmproxy
Q107384344,mlxtend
Q107386897,mode
Q107384373,molecule
Q107381141,mock
Q107387246,mne
Q107386691,mod-wsgi
Q107386033,moment
Q107381750,mpi4py
Q107381649,mongoengine
Q107381029,mpmath
Q107381582,Morfessor
Q107382461,mpld3
Q107386790,mujoco-py
Q107382204,multiprocess
Q107380903,msgpack
Q107387119,mws
Q107383648,mysql-connector
Q107380833,nbconvert
Q107385678,mysql
Q102522075,mypy
Q107381751,mxnet
Q107382306,nbdev
Q107381024,nbdime
Q7000696,networkx
Q107381824,neo4j
Q107381812,needle
Q107385304,ngram
Q1635410,nltk
Q28975259,nose
Q107382313,ninja
Q107382136,nibabel
Q107385903,nlp
Q107381586,nmslib
Q107385968,offspring
Q197520,numpy
Q107384439,oauth2
Q107380938,numba
Q107380666,numpydoc
Q107382429,numexpr
Q107385241,ntplib
Q107382209,openpyxl
Q107386597,open3d
Q107384017,opencv-contrib-python
Q107387042,okta
Q107382137,onnx
Q107382097,opencv-python
Q107384640,osqp
Q107382334,optuna
Q107387100,papa
Q107387127,panda
Q107385555,panel
Q15967387,pandas
Q107384243,pandas-profiling
Q107383688,paho-mqtt
Q107381050,parse
Q2049263,Panda3D
Q107385201,pandoc
Q107386506,parquet
Q107385979,pager
Q107380748,parameterized
Q107383440,patch
Q107381622,Paste
Q107381206,path
Q107381590,patsy
Q107383280,pathlib
Q107382944,pdfminer
Q107384519,pdf2image
Q107384087,pdfkit
Q107386403,pdftotext
Q28975326,pelican
Q107385957,pecan
Q107380928,pifpaf
Q2985103,PIL
Q107383182,pipenv
Q6541095,pip
Q107387003,pid
Q105891242,Pillow
Q107383255,pika
Q107380677,pickleshare
Q107380967,ply
Q107385515,plink
Q107384739,plotnine
Q107382437,pkgconfig
Q62858218,Pmw
Q17146476,plotly
Q107383883,pmdarima
Q42293887,polyglot
Q107385499,poster
Q107384561,progress
Q107384698,prospector
Q107380609,py
Q107385843,prov
Q107382981,py2app
Q107384642,public
Q107380922,psycopg2
Q107381144,psutil
Q107382469,ptemcee
Q107380518,pycparser
Q96470799,pybel
Q107385706,pycld2
Q107381585,pybind11
Q107382462,pycuda
Q107382161,pydub
Q107383151,pycrypto
Q107385490,py2neo
Q107383115,py4j
Q107384538,pyahocorasick
Q107382133,pydicom
Q107380981,pyarrow
Q107386724,pyclustering
Q107381687,pydantic
Q2110792,py2exe
Q107382951,pyecharts
Q107381639,pycryptodomex
Q107380758,pydot
Q107385744,pyexcel
Q107386726,pyftdi
Q772889,pylint
Q97351824,Pygments
Q1514769,PyGTK
Q1140252,pygame
Q107380757,pygraphviz
Q107386029,pykalman
Q107383647,pyglet
Q107382503,pyinstaller
Q107380921,PyMySQL
Q107381061,pymongo
Q28957048,pymc3
Q107386054,pymodbus
Q107385643,pynput
Q107380530,pyparsing
Q107383241,pyproj
Q2342759,pyramid
Q107385371,pyshark
Q107385592,python-louvain
Q107387030,pytorch
Q107384707,pysam
Q107384221,pyshp
Q28975377,pytest
Q107381131,pytest-cov
Q100153106,pytesseract
Q3411159,pyserial
Q107386881,pyqtgraph
Q107385787,python-barcode
Q107387222,python-social-auth
Q107383963,pysha3
Q107384385,python-pptx
Q107386129,python-igraph
Q107386900,python-rocksdb
Q107383347,pystan
Q107385227,python-twitter
Q107381599,PyQt5
Q107386594,pyramid-arima
Q107381655,pyspark
Q107380502,python-dateutil
Q107385891,pytrends
Q100153707,pywin32
Q107384231,pyusb
Q107381464,PyWavelets
Q107380450,pytz
Q107385882,pyzbar
Q107380446,PyYAML
Q107382368,ray
Q107381071,radon
Q107380996,rasterio
Q18326509,rdiff-backup
Q107382483,regions
Q28842007,regex
Q7276224,rdflib
Q107384355,records
Q107381190,rich
Q22661317,requests
Q7314104,reportlab
Q2169298,roundup
Q107380730,rsa
Q107384653,rpy2
Q107380983,s3fs
Q107383256,s3cmd
Q107385360,SALib
Q107386430,rules
Q197492,scipy
Q107383793,scapy
Q22442795,scikit-image
Q107382463,scikit-cuda
Q107381697,scikit-optimize
Q1026367,scikit-learn
Q7433738,ScientificPython
Q113089866,scanpy
Q107386773,scikit-multilearn
Q107383253,scp
Q107384350,selinux
Q107380841,selenium
Q95716584,seaborn
Q368367,Scrapy
Q113089879,scvi-tools
Q107382089,sh
Q10370776,setuptools
Q107386030,shade
Q107383321,shap
Q107381161,simplejson
Q107381466,SimpleITK
Q107382094,skorch
Q107381734,sklearn
Q107387121,skrebate
Q107384059,slicer
Q107387164,smbus2
Q107386398,snorkel
Q107387224,sox
Q1633731,Sphinx
Q28406945,spacy
Q107386144,sounddevice
Q107386423,sparse
Q107387194,spyder
Q1092514,SQLAlchemy
Q107380968,stone
Q87915909,stem
Q107380658,statistics
Q107380864,stevedore
Q107384634,streamlit
Q25304899,statsmodels
Q107385895,svgwrite
Q107387136,surrogate
Q107382189,svn
Q107382906,suds
Q107381573,sybil
Q5971368,sympy
Q107386462,symspellpy
Q107383746,tables
Q107381022,tabulate
Q21447895,tensorflow
Q107384030,textblob
Q107386172,tempest
Q107386858,tensor2tensor
Q107381457,tensorboard
Q107381180,termcolor
Q107384755,textdistance
Q107382185,tensorflow-gpu
Q7777252,Theano
Q107382347,thinc
Q107381818,texttable
Q107381463,tifffile
Q107383322,tld
Q47509047,torch
Q107380505,toml
Q107382144,tokenizers
Q107382298,transformers
Q107380616,tox
Q765385,Trac
Q107381670,torchvision
Q107386864,torchsummary
Q107381760,torchtext
Q28975521,tqdm
Q107387144,travis
Q107380896,trio
Q107386260,tslearn
Q107381139,twine
Q107384267,tsfresh
Q107383870,tweepy
Q107385835,trimesh
Q969382,Twisted
Q107382770,unicorn
Q107384605,umap-learn
Q107387039,unrar
Q107382294,typer
Q107381736,ujson
Q107384832,twitter
Q107380749,tzlocal
Q107382460,uproot
Q107381540,twython
Q107382378,unicodecsv
Q107385179,uszipcode
Q107384054,utm
Q107384838,us
Q107382254,uvicorn
Q107384660,utils
Q113575503,vg
Q107385469,vtk
Q107381126,virtualenv
Q107381683,wasabi
Q107382281,wasmer
Q107385429,websocket
Q107370289,Werkzeug
Q107382235,wget
Q107384318,webapp2
Q107383988,web3
Q286180,web2py
Q107382958,wordcloud
Q107381003,xarray
Q107381753,xgboost
Q107385830,xatlas
Q107382736,xlrd
Q284522,wxPython
Q107385954,workflow
Q107382943,XlsxWriter
Q107384564,zeroconf
Q107385996,xlutils
Q107383045,xlwt
Q107384506,zmq
Q107386259,zxcvbn
Q107386251,zstd
Q107381562,ZODB
